condition,measure,observed,estimated
force loading,force (N),0.100000001,0.162947282
force loading,force (N),0.100000001,0.166018531
force loading,force (N),0.100000001,0.170496359
force loading,force (N),0.141421363,0.193175778
force loading,force (N),0,0.248953432
force loading,force (N),0.100000001,0.312380016
force loading,force (N),0,0.347832292
force loading,force (N),0.100000001,0.314532012
force loading,force (N),0,0.307796836
force loading,force (N),0.100000001,0.302534521
force loading,force (N),0.100000001,0.289817005
force loading,force (N),0.100000001,0.290685087
force loading,force (N),0,0.304755986
force loading,force (N),0,0.385262638
force loading,force (N),0.100000001,0.307803005
force loading,force (N),0,0.29480496
force loading,force (N),0.223606825,0.210954234
force loading,force (N),0.100000001,0.391997993
force loading,force (N),0.100000001,0.267521769
force loading,force (N),0.200000003,0.210183695
force loading,force (N),0.200000003,0.219098866
force loading,force (N),0.141421363,0.334807694
force loading,force (N),0.200000003,0.340393484
force loading,force (N),0.100000001,0.249856755
force loading,force (N),0,0.186024234
force loading,force (N),0.200000003,0.224160001
force loading,force (N),0,0.34491998
force loading,force (N),0.100000001,0.301357597
force loading,force (N),0.100000001,0.261701852
force loading,force (N),0.100000001,0.381247342
force loading,force (N),0,0.280858845
force loading,force (N),0,0.312384129
force loading,force (N),0,0.304533303
force loading,force (N),0.100000001,0.362340063
force loading,force (N),0,0.386363983
force loading,force (N),0.100000001,0.438934565
force loading,force (N),0,0.324461043
force loading,force (N),0,0.41159305
force loading,force (N),0.200000003,0.485639811
force loading,force (N),0.100000001,0.630887568
force loading,force (N),0.200000003,0.536089659
force loading,force (N),0.100000001,0.421146035
force loading,force (N),0.100000001,0.42864272
force loading,force (N),0,0.364815444
force loading,force (N),0,0.358787209
force loading,force (N),0.100000001,0.218544602
force loading,force (N),0.100000001,0.207025617
force loading,force (N),0,0.312834114
force loading,force (N),0.141421363,0.32244882
force loading,force (N),0.100000001,0.328934848
force loading,force (N),0.100000001,0.442809403
force loading,force (N),0.223606825,0.583552182
force loading,force (N),0.100000001,0.512036204
force loading,force (N),0,0.561563313
force loading,force (N),0.100000001,0.296801001
force loading,force (N),0,0.260656744
force loading,force (N),0.141421363,0.171510339
force loading,force (N),0.100000001,0.238644019
force loading,force (N),0.100000001,0.255201906
force loading,force (N),0.223606825,0.377201378
force loading,force (N),0.141421363,0.354798198
force loading,force (N),0.282842726,0.522856951
force loading,force (N),0.200000003,0.380963385
force loading,force (N),0.458257586,0.270683169
force loading,force (N),0.424264044,0.23498559
force loading,force (N),0.300000012,0.43290776
force loading,force (N),0.331662476,0.326110393
force loading,force (N),0.374165744,0.254161894
force loading,force (N),0.458257586,0.260941148
force loading,force (N),0.43588993,0.344997615
force loading,force (N),0.43588993,0.637896478
force loading,force (N),0.574456275,0.558373511
force loading,force (N),0.547722518,0.982171357
force loading,force (N),0.787400782,0.60027492
force loading,force (N),0.565685451,1.094936609
force loading,force (N),0.509902,1.015051961
force loading,force (N),0.73484689,0.912368596
force loading,force (N),0.806225717,1.063907862
force loading,force (N),0.806225717,0.933455408
force loading,force (N),0.714142859,1.009379268
force loading,force (N),0.854400456,1.00676465
force loading,force (N),0.911043346,0.895713449
force loading,force (N),0.969535947,0.941763818
force loading,force (N),0.806225717,0.823521495
force loading,force (N),0.969535947,0.885002136
force loading,force (N),1.034407973,0.833069623
force loading,force (N),0.969535947,0.770585358
force loading,force (N),1.009950519,1.231958866
force loading,force (N),1.170469999,1.22948885
force loading,force (N),1.104536057,1.162809491
force loading,force (N),1.200000048,1.162232161
force loading,force (N),1.170469999,1.238746881
force loading,force (N),1.268857718,1.27019918
force loading,force (N),1.104536057,1.439915061
force loading,force (N),1.240967393,1.302656174
force loading,force (N),1.403566837,1.341973066
force loading,force (N),1.240967393,1.361146688
force loading,force (N),1.46969378,1.175673127
force loading,force (N),1.403566837,0.989162087
force loading,force (N),1.476482272,1.013863683
force loading,force (N),1.403566837,0.876923442
force loading,force (N),1.539480448,0.95691818
force loading,force (N),1.539480448,1.018134475
force loading,force (N),1.702938676,0.959544897
force loading,force (N),1.634013414,0.990130186
force loading,force (N),1.774823785,1.282331586
force loading,force (N),1.634013414,1.245700598
force loading,force (N),1.769180536,1.284592271
force loading,force (N),1.702938676,1.371818185
force loading,force (N),1.769180536,1.314164519
force loading,force (N),1.838477612,1.374113202
force loading,force (N),1.769180536,1.933214903
force loading,force (N),2.002498388,1.973647118
force loading,force (N),1.933907747,2.008125782
force loading,force (N),2.002498388,2.053804159
force loading,force (N),2.002498388,2.103050709
force loading,force (N),1.974841595,2.050288439
force loading,force (N),1.933907747,2.106476307
force loading,force (N),2.002498388,2.139839172
force loading,force (N),1.933907747,2.172541142
force loading,force (N),1.967231512,2.154349804
force loading,force (N),2.167948246,2.237099171
force loading,force (N),2.209072113,1.922651649
force loading,force (N),2.167948246,2.1068964
force loading,force (N),2.137755871,2.03174448
force loading,force (N),2.273763418,2.01974225
force loading,force (N),2.20454073,1.853724241
force loading,force (N),2.302172899,1.812571287
force loading,force (N),2.273763418,1.52620101
force loading,force (N),2.368544102,1.779497027
force loading,force (N),2.537715435,1.810071111
force loading,force (N),2.400000095,1.939655066
force loading,force (N),2.41867733,1.989162922
force loading,force (N),2.537715435,2.0720191
force loading,force (N),2.672077894,2.089556456
force loading,force (N),2.601922274,2.054852247
force loading,force (N),2.537715435,1.984040141
force loading,force (N),2.609597683,2.183217525
force loading,force (N),2.63438797,2.360232592
force loading,force (N),2.672077894,2.384314537
force loading,force (N),2.537715435,2.511828661
force loading,force (N),2.609597683,2.49151516
force loading,force (N),2.609597683,2.525920868
force loading,force (N),2.582634211,2.369223833
force loading,force (N),2.360084772,2.384443521
force loading,force (N),2.416609049,2.138956547
force loading,force (N),2.437211514,2.149770737
force loading,force (N),2.273763418,2.04489994
force loading,force (N),2.328089237,2.150374889
force loading,force (N),2.275961399,1.96011579
force loading,force (N),2.174856186,2.199943304
force loading,force (N),2.174856186,1.892330766
force loading,force (N),2.061552763,2.027822971
force loading,force (N),2.0591259,2.06853056
force loading,force (N),1.972308278,2.03266263
force loading,force (N),1.933907986,2.034771681
force loading,force (N),2.032240152,1.93647778
force loading,force (N),1.811077118,1.893864989
force loading,force (N),1.811077118,1.760575056
force loading,force (N),1.780449271,1.725531578
force loading,force (N),1.811077118,1.580130696
force loading,force (N),1.780449271,1.460677147
force loading,force (N),1.63095057,1.446848035
force loading,force (N),1.702938676,1.529851317
force loading,force (N),1.723368764,1.582095385
force loading,force (N),1.643167615,1.43188107
force loading,force (N),1.609347701,1.302850246
force loading,force (N),1.565247774,1.199954748
force loading,force (N),1.565247774,1.225856304
force loading,force (N),1.46969378,1.225389361
force loading,force (N),1.529705882,1.248632669
force loading,force (N),1.532970905,1.259417176
force loading,force (N),1.552417517,1.250761151
force loading,force (N),1.360146999,1.129003644
force loading,force (N),1.529705882,1.135306954
force loading,force (N),1.431782126,1.075613499
force loading,force (N),1.435269952,0.97930491
force loading,force (N),1.435269952,1.040477753
force loading,force (N),1.431782126,1.034161806
force loading,force (N),1.330413461,1.070163131
force loading,force (N),1.349073648,1.101753235
force loading,force (N),1.252996445,1.073959708
force loading,force (N),1.349073648,1.043061376
force loading,force (N),1.330413461,1.038117051
force loading,force (N),1.374772668,1.116487265
force loading,force (N),1.374772668,1.12605381
force loading,force (N),1.268857837,1.138721466
force loading,force (N),1.187434196,1.100370526
force loading,force (N),1.081665397,1.107187629
force loading,force (N),1.256980538,1.023679733
force loading,force (N),1.374772668,1.039834738
force loading,force (N),1.345362425,1.066318393
force loading,force (N),1.122497201,1.061192751
force loading,force (N),1.345362425,0.971966207
force loading,force (N),1.224744916,0.999543548
force loading,force (N),1.170469999,0.923003554
force loading,force (N),1.303840518,0.806509972
force loading,force (N),1.22065556,0.856716931
force loading,force (N),1.204159498,0.876069725
force loading,force (N),1.22065556,0.86116308
force loading,force (N),1.131370902,0.879995048
force loading,force (N),1.22065556,0.904393733
force loading,force (N),1.22065556,0.917828441
force loading,force (N),1.063014627,0.918747842
force loading,force (N),1.063014627,0.894842803
force loading,force (N),1.280624866,0.859319985
force loading,force (N),1.063014627,0.811147034
force loading,force (N),1.067707777,0.864655554
force loading,force (N),1.067707777,0.853280306
force loading,force (N),0.921954453,0.863232315
force loading,force (N),0.948683262,0.820895374
force loading,force (N),0.854400456,0.84394747
force loading,force (N),0.721110284,0.827115715
force loading,force (N),0.591607988,0.757053435
force loading,force (N),0.316227764,0.837625861
force loading,force (N),0.100000001,0.846738696
force loading,force (N),0.141421363,0.819820285
force loading,force (N),0.100000001,0.66809231
force loading,force (N),0,0.560341895
force loading,force (N),0.100000001,0.560756445
force loading,force (N),0.141421363,0.63739574
force loading,force (N),0,0.604537904
force loading,force (N),0,0.61732173
force loading,force (N),0.100000001,0.573520243
force loading,force (N),0.100000001,0.54226476
force loading,force (N),0.200000003,0.495559275
force loading,force (N),0,0.484762043
force loading,force (N),0.100000001,0.499821097
force loading,force (N),0,0.520186365
force loading,force (N),0.100000001,0.467191637
force loading,force (N),0.100000001,0.488116056
force loading,force (N),0.100000001,0.451072663
force loading,force (N),0.100000001,0.450792313
force loading,force (N),0.100000001,0.411109477
force loading,force (N),0.100000001,0.432828665
force loading,force (N),0.141421363,0.445632279
force loading,force (N),0,0.424345106
force loading,force (N),0,0.402085692
force loading,force (N),0.141421363,0.420670241
force loading,force (N),0.100000001,0.356161088
force loading,force (N),0,0.380678177
force loading,force (N),0.141421363,0.386124492
force loading,force (N),0.141421363,0.373652995
force loading,force (N),0.100000001,0.442380607
force loading,force (N),0.141421363,0.452940315
force loading,force (N),0,0.482270747
force loading,force (N),0.100000001,0.426964313
force loading,force (N),0,0.501390457
force loading,force (N),0,0.509219587
force loading,force (N),0.100000001,0.549597263
force loading,force (N),0,0.620763183
force loading,force (N),0.100000001,0.634088039
force loading,force (N),0,0.549460173
force loading,force (N),0,0.607925177
force loading,force (N),0.141421363,0.503934503
force loading,force (N),0.100000001,0.481493443
force loading,force (N),0,0.499819815
force loading,force (N),0.141421363,0.439405978
force loading,force (N),0.100000001,0.487605125
force loading,force (N),0.100000001,0.462943882
force loading,force (N),0.100000001,0.457579285
force loading,force (N),0,0.351470828
force loading,force (N),0,0.316931039
force loading,force (N),0,0.329646051
force loading,force (N),0.100000001,0.320301771
force loading,force (N),0.100000001,0.304745883
force loading,force (N),0,0.321678013
force loading,force (N),0.100000001,0.297166288
force loading,force (N),0,0.29373619
force loading,force (N),0.100000001,0.277811557
force loading,force (N),0,0.260661721
force loading,force (N),0.100000001,0.548202574
force loading,force (N),0.100000001,0.049966469
force loading,force (N),0.100000001,0.048791114
force loading,force (N),0.100000001,0.057883352
force loading,force (N),0.141421363,0.048282713
force loading,force (N),0.100000001,0.047248133
force loading,force (N),0.100000001,0.046112895
force loading,force (N),0.100000001,0.047925565
force loading,force (N),0.100000001,0.045190759
force loading,force (N),0.100000001,0.043056097
force loading,force (N),0.100000001,0.043814041
force loading,force (N),0,0.051436339
force loading,force (N),0.100000001,0.055195086
force loading,force (N),0.100000001,0.048959717
force loading,force (N),0.100000001,0.051592767
force loading,force (N),0.200000003,0.04839097
force loading,force (N),0.100000001,0.087586515
force loading,force (N),0.141421363,0.067587286
force loading,force (N),0.100000001,0.06898433
force loading,force (N),0.100000001,0.063407205
force loading,force (N),0,0.063547663
force loading,force (N),0.100000001,0.060558438
force loading,force (N),0,0.060142223
force loading,force (N),0.100000001,0.059861969
force loading,force (N),0.100000001,0.057238184
force loading,force (N),0,0.055031497
force loading,force (N),0,0.052587889
force loading,force (N),0.141421363,0.053374816
force loading,force (N),0.100000001,0.056109387
simultaneous contact,force (N),8.560373306,8.98880291
simultaneous contact,force (N),8.360622406,8.999904633
simultaneous contact,force (N),8.220097542,9.03027916
simultaneous contact,force (N),8.080842018,9.037978172
simultaneous contact,force (N),7.860661507,8.993808746
simultaneous contact,force (N),7.463912964,8.840816498
simultaneous contact,force (N),7.303424358,8.858107567
simultaneous contact,force (N),6.943342209,8.767631531
simultaneous contact,force (N),6.745368481,8.751317024
simultaneous contact,force (N),6.606058121,8.725560188
simultaneous contact,force (N),6.389052868,8.71662426
simultaneous contact,force (N),6.106554031,8.712100983
simultaneous contact,force (N),5.9439044,8.385222435
simultaneous contact,force (N),5.604462624,8.276499748
simultaneous contact,force (N),5.465345383,8.365988731
simultaneous contact,force (N),5.329164982,8.250928879
simultaneous contact,force (N),5.051732063,8.092669487
simultaneous contact,force (N),5.056678295,7.873656273
simultaneous contact,force (N),4.886716843,7.542688847
simultaneous contact,force (N),4.553020954,7.409813404
simultaneous contact,force (N),4.614108562,7.321956158
simultaneous contact,force (N),4.282522678,7.01880455
simultaneous contact,force (N),4.060788155,6.88666153
simultaneous contact,force (N),3.977436304,6.779684067
simultaneous contact,force (N),3.774917364,6.212120056
simultaneous contact,force (N),3.832753658,5.919149876
simultaneous contact,force (N),3.552464247,5.719748497
simultaneous contact,force (N),3.552464247,5.555001259
simultaneous contact,force (N),3.504282951,5.374266624
simultaneous contact,force (N),3.367491961,5.103221893
simultaneous contact,force (N),3.23882699,4.921998024
simultaneous contact,force (N),3.103224277,4.809933186
simultaneous contact,force (N),3.095157623,4.63360548
simultaneous contact,force (N),2.917190552,4.454197407
simultaneous contact,force (N),2.872281313,4.283700466
simultaneous contact,force (N),2.785677671,4.060639858
simultaneous contact,force (N),2.700000048,4.095834732
simultaneous contact,force (N),2.563200951,4.003913879
simultaneous contact,force (N),2.471841335,3.894335508
simultaneous contact,force (N),2.284732103,3.875603914
simultaneous contact,force (N),2.426932096,3.827066183
simultaneous contact,force (N),2.351595163,3.815289497
simultaneous contact,force (N),2.291287899,3.781892538
simultaneous contact,force (N),2.20454073,3.76281786
simultaneous contact,force (N),2.172556162,3.727193356
simultaneous contact,force (N),2.034698963,3.706645012
simultaneous contact,force (N),2.111871243,3.690044165
simultaneous contact,force (N),2.149418592,3.686703205
simultaneous contact,force (N),2.009975195,3.679661989
simultaneous contact,force (N),1.944222212,3.675393581
simultaneous contact,force (N),1.994993687,3.669393063
simultaneous contact,force (N),1.630950689,3.664206028
simultaneous contact,force (N),1.80554688,3.661421061
simultaneous contact,force (N),1.746425033,3.654355526
simultaneous contact,force (N),1.824828744,3.661634207
simultaneous contact,force (N),2.163330793,3.651112556
simultaneous contact,force (N),2.379075527,3.642550468
simultaneous contact,force (N),2.477902174,3.650889874
simultaneous contact,force (N),2.557342291,3.653788567
simultaneous contact,force (N),2.664582491,3.645946741
simultaneous contact,force (N),2.86006999,3.642292976
simultaneous contact,force (N),2.984962225,3.652537823
simultaneous contact,force (N),3.12409997,3.648488045
simultaneous contact,force (N),3.12409997,3.778385878
simultaneous contact,force (N),3.280243874,3.865734816
simultaneous contact,force (N),3.420526266,3.843494177
simultaneous contact,force (N),3.641428232,3.86284852
simultaneous contact,force (N),3.560898542,3.872718334
simultaneous contact,force (N),3.720215321,3.856474161
simultaneous contact,force (N),3.841874599,3.798466921
simultaneous contact,force (N),4.060788155,3.81844449
simultaneous contact,force (N),4.060788155,3.826345921
simultaneous contact,force (N),4.221374512,3.813308239
simultaneous contact,force (N),4.420407295,3.820093632
simultaneous contact,force (N),4.580393314,3.836651087
simultaneous contact,force (N),4.6615448,3.83703208
simultaneous contact,force (N),4.827007294,3.910765171
simultaneous contact,force (N),4.964876652,3.963757277
simultaneous contact,force (N),5.047771454,4.020068169
simultaneous contact,force (N),5.186521053,4.163147449
simultaneous contact,force (N),5.353503704,4.222090721
simultaneous contact,force (N),5.437830448,4.261449814
simultaneous contact,force (N),5.746302605,4.35265398
simultaneous contact,force (N),5.798275471,4.468248367
simultaneous contact,force (N),6.003331661,4.672745228
simultaneous contact,force (N),6.191930294,4.829380989
simultaneous contact,force (N),6.363175392,5.056940079
simultaneous contact,force (N),6.499999523,5.123976707
simultaneous contact,force (N),6.80955267,5.179693222
simultaneous contact,force (N),7.033491135,5.460595608
simultaneous contact,force (N),7.119691372,5.496317387
simultaneous contact,force (N),7.25603199,5.955426693
simultaneous contact,force (N),7.566372395,6.125757217
simultaneous contact,force (N),7.742092609,6.555517673
simultaneous contact,force (N),8.006872177,6.800279617
simultaneous contact,force (N),8.40832901,6.916714191
simultaneous contact,force (N),8.414274216,7.069270134
simultaneous contact,force (N),8.502352715,7.352480412
simultaneous contact,force (N),8.902808189,7.486598492
simultaneous contact,force (N),9.080749512,7.632371902
simultaneous contact,force (N),9.304300308,7.940363407
simultaneous contact,force (N),9.348261833,8.042106628
simultaneous contact,force (N),9.575489998,8.322436333
simultaneous contact,force (N),9.794897079,8.397397041
simultaneous contact,force (N),9.978978157,8.430352211
simultaneous contact,force (N),10.06677723,8.663973808
simultaneous contact,force (N),10.20637131,8.684840202
simultaneous contact,force (N),10.38893604,8.692651749
simultaneous contact,force (N),10.34891319,8.744369507
simultaneous contact,force (N),10.48045826,8.917356491
simultaneous contact,force (N),10.45896721,8.95663166
simultaneous contact,force (N),10.60848713,9.020866394
simultaneous contact,force (N),10.47568607,9.019188881
simultaneous contact,force (N),10.44317913,9.103618622
simultaneous contact,force (N),10.34842968,9.077184677
simultaneous contact,force (N),10.35229397,9.155658722
simultaneous contact,force (N),10.30048466,9.155696869
simultaneous contact,force (N),10.11830044,9.15225029
simultaneous contact,force (N),9.908581734,9.190145493
simultaneous contact,force (N),9.619771004,9.180711746
simultaneous contact,force (N),9.135097504,9.263917923
simultaneous contact,force (N),9.100549698,9.230667114
simultaneous contact,force (N),8.474668503,9.18834877
simultaneous contact,force (N),8.55277729,9.176760674
simultaneous contact,force (N),9.051519394,9.200016975
simultaneous contact,force (N),9.205433846,9.206897736
simultaneous contact,force (N),9.489467621,9.223081589
simultaneous contact,force (N),9.575489998,9.218704224
simultaneous contact,force (N),9.656085968,9.218780518
simultaneous contact,force (N),9.654532433,9.213582993
simultaneous contact,force (N),9.325771332,9.245005608
simultaneous contact,force (N),9.282240868,9.126072884
simultaneous contact,force (N),8.981648445,8.954299927
simultaneous contact,force (N),8.841380119,8.964829445
simultaneous contact,force (N),8.780091286,9.010492325
simultaneous contact,force (N),8.5,9.001585007
simultaneous contact,force (N),8.220705986,9.035281181
simultaneous contact,force (N),8.360622406,8.98558712
simultaneous contact,force (N),7.941032887,8.929807663
simultaneous contact,force (N),7.801282406,8.964038849
simultaneous contact,force (N),7.324615955,8.930336952
simultaneous contact,force (N),7.244997978,8.871584892
simultaneous contact,force (N),6.827151775,8.856872559
simultaneous contact,force (N),6.546755314,8.639492035
simultaneous contact,force (N),6.466839314,8.674854279
simultaneous contact,force (N),6.243396282,8.703354836
simultaneous contact,force (N),6.186275005,8.434076309
simultaneous contact,force (N),5.828379631,8.757888794
simultaneous contact,force (N),5.662154675,8.683094978
simultaneous contact,force (N),5.468089581,8.541609764
simultaneous contact,force (N),5.135173321,8.324973106
simultaneous contact,force (N),4.996999264,8.014817238
simultaneous contact,force (N),4.913247585,7.686940193
simultaneous contact,force (N),4.774934292,7.569949627
simultaneous contact,force (N),4.498888969,7.39670229
simultaneous contact,force (N),4.282522678,7.20085907
simultaneous contact,force (N),4.248529434,6.96195364
simultaneous contact,force (N),3.916631222,6.849052429
simultaneous contact,force (N),3.785498619,6.233221531
simultaneous contact,force (N),3.832753658,5.935460567
simultaneous contact,force (N),3.690528154,5.636822224
simultaneous contact,force (N),3.63730669,5.301197529
simultaneous contact,force (N),3.504282951,5.217517376
simultaneous contact,force (N),3.23882699,4.794926167
simultaneous contact,force (N),3.367491961,4.736024857
simultaneous contact,force (N),3.23109889,4.659808159
simultaneous contact,force (N),2.968164444,4.612902164
simultaneous contact,force (N),2.824889183,4.264897823
simultaneous contact,force (N),2.833725452,4.149245739
simultaneous contact,force (N),2.807133675,4.087220192
simultaneous contact,force (N),2.745906115,4.059260368
simultaneous contact,force (N),2.611512899,4.00784111
simultaneous contact,force (N),2.557342291,3.958652735
simultaneous contact,force (N),2.601922274,3.90942359
simultaneous contact,force (N),2.426932096,3.842469454
simultaneous contact,force (N),2.302172899,3.817463398
simultaneous contact,force (N),2.426932096,3.80716753
simultaneous contact,force (N),2.20454073,3.780239105
simultaneous contact,force (N),2.249444485,3.77181077
simultaneous contact,force (N),2.13072753,3.762344837
simultaneous contact,force (N),2.13072753,3.744316101
simultaneous contact,force (N),2.13072753,3.726786137
simultaneous contact,force (N),2.002498388,3.702874184
simultaneous contact,force (N),1.884144425,3.697726011
simultaneous contact,force (N),1.884144425,3.692920208
simultaneous contact,force (N),2.111871243,3.447940111
simultaneous contact,force (N),1.946792245,3.434517145
simultaneous contact,force (N),1.81383574,3.428220749
simultaneous contact,force (N),1.860107541,3.424588442
simultaneous contact,force (N),1.81383574,3.422969341
simultaneous contact,force (N),1.726267695,3.425373554
simultaneous contact,force (N),1.760681629,3.415213585
simultaneous contact,force (N),1.640121937,3.41469717
simultaneous contact,force (N),1.676305413,3.408260107
simultaneous contact,force (N),1.593737602,3.406661987
simultaneous contact,force (N),1.421267033,3.408709288
simultaneous contact,force (N),1.59059751,3.407307625
simultaneous contact,force (N),1.360146999,3.404478073
simultaneous contact,force (N),1.428285599,3.354669094
simultaneous contact,force (N),1.284523249,3.447001934
simultaneous contact,force (N),1.315294623,3.429175615
simultaneous contact,force (N),1.503329635,3.437970638
simultaneous contact,force (N),1.841195345,3.428035498
simultaneous contact,force (N),1.972308278,3.431440353
simultaneous contact,force (N),2.163330793,3.463293552
simultaneous contact,force (N),2.3043437,3.43718195
simultaneous contact,force (N),2.360084772,3.441929102
simultaneous contact,force (N),2.5,3.479002714
simultaneous contact,force (N),2.690724611,3.47734189
simultaneous contact,force (N),2.758622885,3.484728813
simultaneous contact,force (N),2.908608198,3.498532534
simultaneous contact,force (N),2.922327518,3.527026176
simultaneous contact,force (N),3.047950029,3.519240856
simultaneous contact,force (N),3.18904376,3.62060523
simultaneous contact,force (N),3.264965534,3.669556379
simultaneous contact,force (N),3.255764008,3.809993982
simultaneous contact,force (N),3.264965534,3.883850574
simultaneous contact,force (N),3.546829462,4.008782864
simultaneous contact,force (N),3.548238993,4.093613148
simultaneous contact,force (N),3.687817812,4.096217632
simultaneous contact,force (N),3.780211687,4.249722004
simultaneous contact,force (N),3.921734333,4.363253117
simultaneous contact,force (N),3.983716726,4.446011066
simultaneous contact,force (N),4.220189571,4.587783337
simultaneous contact,force (N),4.26497364,4.672521591
simultaneous contact,force (N),4.305809975,5.127839565
simultaneous contact,force (N),4.522167683,5.19749403
simultaneous contact,force (N),4.687216759,5.471851349
simultaneous contact,force (N),4.688283443,5.680410862
simultaneous contact,force (N),4.909174919,5.861112118
simultaneous contact,force (N),5.077401161,5.990072727
simultaneous contact,force (N),5.186521053,6.331604958
simultaneous contact,force (N),5.437830448,6.474158287
simultaneous contact,force (N),5.491812229,6.507455826
simultaneous contact,force (N),5.660388947,6.877412796
simultaneous contact,force (N),5.916924953,6.924879074
simultaneous contact,force (N),5.968249798,7.09419632
simultaneous contact,force (N),6.328507423,7.326152325
simultaneous contact,force (N),6.5,7.51567173
simultaneous contact,force (N),6.637770653,7.595616341
simultaneous contact,force (N),6.809552193,7.68409729
simultaneous contact,force (N),6.897100925,7.758140564
simultaneous contact,force (N),7.3437047,7.756086349
simultaneous contact,force (N),7.567034245,7.83403492
simultaneous contact,force (N),7.567034245,7.896531105
simultaneous contact,force (N),7.830070496,7.937101364
simultaneous contact,force (N),8.141252518,8.065675735
simultaneous contact,force (N),8.276473045,8.056771278
simultaneous contact,force (N),8.544589043,8.155713081
simultaneous contact,force (N),8.588363647,8.171936989
simultaneous contact,force (N),8.946507454,8.187157631
simultaneous contact,force (N),8.858894348,8.252758026
simultaneous contact,force (N),9.085152626,8.327700615
simultaneous contact,force (N),9.218459129,8.335834503
simultaneous contact,force (N),9.263368607,8.382156372
simultaneous contact,force (N),9.311284065,8.446146011
simultaneous contact,force (N),9.404254913,8.471302986
simultaneous contact,force (N),9.475231171,8.443516731
simultaneous contact,force (N),9.571833611,8.499241829
simultaneous contact,force (N),9.377633095,8.497941017
simultaneous contact,force (N),9.204889297,8.535684586
simultaneous contact,force (N),9.332201958,8.549513817
simultaneous contact,force (N),9.253107071,8.55521965
simultaneous contact,force (N),9.226592064,8.55587101
simultaneous contact,force (N),8.927485466,8.555223465
simultaneous contact,force (N),8.817028046,8.12274456
simultaneous contact,force (N),8.472307205,8.047455788
simultaneous contact,force (N),8.51469326,7.897432327
simultaneous contact,force (N),8.300602913,8.049842834
simultaneous contact,force (N),7.698052406,7.984743595
simultaneous contact,force (N),8.156592369,7.974413395
simultaneous contact,force (N),8.506467819,7.950126648
simultaneous contact,force (N),8.702872276,8.006625175
simultaneous contact,force (N),8.709191322,7.951038837
simultaneous contact,force (N),8.788628578,7.891877174
simultaneous contact,force (N),9.13509655,7.804189205
simultaneous contact,force (N),8.797158241,7.482701302
simultaneous contact,force (N),8.668910027,7.500450611
simultaneous contact,force (N),8.465223312,7.476984978
simultaneous contact,force (N),8.262565613,7.396632671
simultaneous contact,force (N),8.341462135,8.10319519
simultaneous contact,force (N),7.92275238,7.85366869
simultaneous contact,force (N),7.502666473,8.049269676
simultaneous contact,force (N),7.163797855,7.8723526
simultaneous contact,force (N),7.080960751,7.794814587
simultaneous contact,force (N),6.743144512,7.733826637
simultaneous contact,force (N),6.40780735,7.37619257
simultaneous contact,force (N),6.385138512,7.190973759
simultaneous contact,force (N),5.911006451,7.1819067
simultaneous contact,force (N),5.769748688,7.151114464
simultaneous contact,force (N),5.547972679,6.919586658
simultaneous contact,force (N),5.550675869,6.600502491
simultaneous contact,force (N),5.190375805,6.210634232
simultaneous contact,force (N),5.190375805,5.859495163
simultaneous contact,force (N),4.827007294,5.519814491
simultaneous contact,force (N),4.608687401,5.324669361
simultaneous contact,force (N),4.428318024,5.250867367
simultaneous contact,force (N),4.366920948,5.08476162
simultaneous contact,force (N),4.138840675,4.876495838
simultaneous contact,force (N),4.007493019,4.740989685
simultaneous contact,force (N),3.863935709,4.527370453
simultaneous contact,force (N),3.785498857,4.3781991
simultaneous contact,force (N),3.563705921,4.154117584
simultaneous contact,force (N),3.374907255,3.987154722
simultaneous contact,force (N),3.23882699,3.92364192
simultaneous contact,force (N),3.090307474,3.807829142
simultaneous contact,force (N),3.190611362,3.794017792
simultaneous contact,force (N),3.008321762,3.773571014
simultaneous contact,force (N),3.067572355,3.761695147
simultaneous contact,force (N),2.833725691,3.670887232
simultaneous contact,force (N),2.736786366,3.608438969
simultaneous contact,force (N),2.596151114,3.576186895
simultaneous contact,force (N),2.611512899,3.531307936
simultaneous contact,force (N),2.523885965,3.530470371
simultaneous contact,force (N),2.379075289,3.507055521
simultaneous contact,force (N),2.389560461,3.486935139
simultaneous contact,force (N),2.345207691,3.479937792
simultaneous contact,force (N),2.123676062,3.472734451
simultaneous contact,force (N),2.302172899,3.467634201
simultaneous contact,force (N),2.123676062,3.451985598
simultaneous contact,force (N),2.022374868,3.42205739
simultaneous contact,force (N),1.799999952,3.43912816
simultaneous contact,force (N),1.799999952,3.436070681
simultaneous contact,force (N),1.726267695,3.439391136
simultaneous contact,force (N),1.774823785,3.434488058
simultaneous contact,force (N),1.760681629,3.425114393
simultaneous contact,force (N),1.615549445,3.428748131
simultaneous contact,force (N),1.732050896,3.397412777
simultaneous contact,force (N),1.445683241,3.405982018
simultaneous contact,force (N),1.374772668,3.420316935
simultaneous contact,force (N),1.435269952,3.424652338
simultaneous contact,force (N),1.240967393,3.443511724
simultaneous contact,force (N),1.360146999,3.501356125
simultaneous contact,force (N),1.256980538,3.460570335
simultaneous contact,force (N),1.374772668,3.439630985
simultaneous contact,force (N),1.503329635,3.441727877
simultaneous contact,force (N),1.969771385,3.461447716
simultaneous contact,force (N),2.022374868,3.437437773
simultaneous contact,force (N),2.220360279,3.422691822
simultaneous contact,force (N),2.280350924,3.434945822
simultaneous contact,force (N),2.420743704,3.454630613
simultaneous contact,force (N),2.641969204,3.432118416
simultaneous contact,force (N),2.703700781,3.493818045
simultaneous contact,force (N),2.844292402,3.5206604
simultaneous contact,force (N),2.906888485,3.485654831
simultaneous contact,force (N),2.984962225,3.784468174
simultaneous contact,force (N),2.984962225,3.575803757
simultaneous contact,force (N),3.18904376,3.709232807
simultaneous contact,force (N),3.120897055,3.774874926
simultaneous contact,force (N),3.201562166,3.829716444
simultaneous contact,force (N),3.342154741,4.039988041
simultaneous contact,force (N),3.471310854,4.163553238
simultaneous contact,force (N),3.701351166,4.333791733
simultaneous contact,force (N),3.687817812,4.484524727
simultaneous contact,force (N),3.765634298,4.512300968
simultaneous contact,force (N),4.004996777,4.958261013
simultaneous contact,force (N),4.080440998,4.941727638
simultaneous contact,force (N),4.140048027,5.271446705
simultaneous contact,force (N),4.220189571,5.438789845
simultaneous contact,force (N),4.30116272,5.782686234
simultaneous contact,force (N),4.522167683,6.103385925
simultaneous contact,force (N),4.605431557,6.138383389
simultaneous contact,force (N),4.770743847,6.17631197
simultaneous contact,force (N),4.909174919,6.413009644
simultaneous contact,force (N),5.131276608,6.60717535
simultaneous contact,force (N),5.215362072,7.059000492
simultaneous contact,force (N),5.522680283,7.208297729
simultaneous contact,force (N),5.608029842,7.276162148
simultaneous contact,force (N),5.661272049,7.444777489
simultaneous contact,force (N),6.003331661,7.543931484
simultaneous contact,force (N),6.053924084,7.691723824
simultaneous contact,force (N),6.244197369,7.778688908
simultaneous contact,force (N),6.676076412,8.055520058
simultaneous contact,force (N),6.673080444,8.088862419
simultaneous contact,force (N),6.897100925,8.07597065
simultaneous contact,force (N),7.207634926,8.172365189
simultaneous contact,force (N),7.345747471,8.204709053
simultaneous contact,force (N),7.470608711,8.260211945
simultaneous contact,force (N),7.742092609,8.342411995
simultaneous contact,force (N),7.965550423,8.353158951
simultaneous contact,force (N),8.189017296,8.41108036
simultaneous contact,force (N),8.274056435,8.425161362
simultaneous contact,force (N),8.40832901,8.459913254
simultaneous contact,force (N),8.722958565,8.461192131
simultaneous contact,force (N),8.676404953,8.524559975
simultaneous contact,force (N),8.858894348,8.560969353
simultaneous contact,force (N),9.089554787,8.573694229
simultaneous contact,force (N),9.001111031,8.627765656
simultaneous contact,force (N),9.049309731,8.613794327
simultaneous contact,force (N),9.089554787,8.620280266
simultaneous contact,force (N),9.235799789,8.627061844
simultaneous contact,force (N),9.289779663,8.636377335
simultaneous contact,force (N),9.247702599,8.616519928
simultaneous contact,force (N),9.049861908,8.642014503
simultaneous contact,force (N),9.172785759,8.627588272
simultaneous contact,force (N),8.961027145,8.616635323
simultaneous contact,force (N),9.027180672,8.633097649
simultaneous contact,force (N),8.830062866,8.139600754
simultaneous contact,force (N),8.718371391,8.359219551
simultaneous contact,force (N),8.48763752,7.715888977
simultaneous contact,force (N),8.519976616,7.79848814
simultaneous contact,force (N),8.400594711,7.888722897
simultaneous contact,force (N),7.675936699,7.951014519
simultaneous contact,force (N),8.101852417,7.930556297
simultaneous contact,force (N),8.581957817,7.539535522
simultaneous contact,force (N),8.709191322,7.734361172
simultaneous contact,force (N),8.924684525,7.867209435
simultaneous contact,force (N),8.989438057,7.776031971
simultaneous contact,force (N),8.938120842,7.736902237
simultaneous contact,force (N),8.928045273,7.674118042
simultaneous contact,force (N),8.466995239,7.287872791
simultaneous contact,force (N),8.764131546,7.244225025
simultaneous contact,force (N),8.203048706,8.438977242
simultaneous contact,force (N),8.341462135,8.374222755
simultaneous contact,force (N),8.082697868,8.472604752
simultaneous contact,force (N),7.248447418,8.438325882
simultaneous contact,force (N),6.827151299,8.394592285
simultaneous contact,force (N),6.882586002,8.332854271
simultaneous contact,force (N),6.546754837,8.149971008
simultaneous contact,force (N),6.275348186,8.070761681
simultaneous contact,force (N),5.806031704,8.085042
simultaneous contact,force (N),5.721888065,8.031977654
simultaneous contact,force (N),5.5,7.912812233
simultaneous contact,force (N),5.354437351,7.715892315
simultaneous contact,force (N),5.190375805,7.607023239
simultaneous contact,force (N),4.913247585,7.467210293
simultaneous contact,force (N),4.636809349,7.333782673
simultaneous contact,force (N),4.636809349,7.254001141
simultaneous contact,force (N),4.366920948,7.192692757
simultaneous contact,force (N),4.331281662,7.063159943
simultaneous contact,force (N),3.956008196,6.920173168
simultaneous contact,force (N),3.967366934,6.805738926
simultaneous contact,force (N),3.733630896,6.726875305
simultaneous contact,force (N),3.694590807,6.513342857
simultaneous contact,force (N),3.606937647,6.208952427
simultaneous contact,force (N),3.419064283,5.903388977
simultaneous contact,force (N),3.289376736,5.867354393
simultaneous contact,force (N),3.078960896,5.632060051
simultaneous contact,force (N),2.846049786,5.504646301
simultaneous contact,force (N),2.942787886,5.335549355
simultaneous contact,force (N),2.79463768,5.264001846
simultaneous contact,force (N),2.758622885,5.129040718
simultaneous contact,force (N),2.649528265,4.845610619
simultaneous contact,force (N),2.477902412,4.732025146
simultaneous contact,force (N),2.437211514,4.618304253
simultaneous contact,force (N),2.404162884,4.508427143
simultaneous contact,force (N),2.2561028,4.488004208
simultaneous contact,force (N),2.15638566,4.406895638
simultaneous contact,force (N),2.034698963,4.339839458
simultaneous contact,force (N),1.933907986,4.301602364
simultaneous contact,force (N),1.933907986,4.280402184
simultaneous contact,force (N),1.772004485,4.183262348
simultaneous contact,force (N),1.627882004,4.197950363
simultaneous contact,force (N),1.667333245,4.166329861
simultaneous contact,force (N),1.81383574,4.145549297
simultaneous contact,force (N),1.539480448,4.093716145
simultaneous contact,force (N),1.529705882,4.06423378
simultaneous contact,force (N),1.462873578,4.060049534
simultaneous contact,force (N),1.593737602,4.067150116
simultaneous contact,force (N),1.555634856,4.019699574
simultaneous contact,force (N),1.456022024,4.032135487
simultaneous contact,force (N),1.319090605,4.03881979
simultaneous contact,force (N),1.337908864,4.033556461
simultaneous contact,force (N),1.284523249,4.050321579
simultaneous contact,force (N),1.276714444,3.485399008
simultaneous contact,force (N),1.22065556,3.457244158
simultaneous contact,force (N),1.157583594,3.47236371
simultaneous contact,force (N),1.360146999,3.447128057
simultaneous contact,force (N),1.5,3.46373558
simultaneous contact,force (N),1.838477612,3.446577311
simultaneous contact,force (N),2.012461185,3.463898182
simultaneous contact,force (N),2.109502316,3.471038818
simultaneous contact,force (N),2.22261095,3.461301327
simultaneous contact,force (N),2.280350924,3.468934774
simultaneous contact,force (N),2.561249733,3.476928473
simultaneous contact,force (N),2.626785278,3.47666049
simultaneous contact,force (N),2.844292402,3.497810602
simultaneous contact,force (N),2.983286858,4.012984753
simultaneous contact,force (N),3.047950029,4.429729462
simultaneous contact,force (N),3.047950029,4.595154285
simultaneous contact,force (N),3.184336901,4.696174622
simultaneous contact,force (N),2.913760424,4.760766983
simultaneous contact,force (N),3.049590111,5.11954689
simultaneous contact,force (N),3.116087198,5.220591545
simultaneous contact,force (N),3.18904376,5.424057007
simultaneous contact,force (N),3.257299423,5.716110229
simultaneous contact,force (N),3.421987772,5.88927269
simultaneous contact,force (N),3.624913692,5.952418804
simultaneous contact,force (N),3.624913692,6.149057865
simultaneous contact,force (N),3.780211687,6.197924614
simultaneous contact,force (N),3.865229607,6.360202789
simultaneous contact,force (N),4,6.510911465
simultaneous contact,force (N),4.161730289,6.930612564
simultaneous contact,force (N),4.189271927,7.127345085
simultaneous contact,force (N),4.327816963,7.314579487
simultaneous contact,force (N),4.522167683,7.425413609
simultaneous contact,force (N),4.687216759,7.453701496
simultaneous contact,force (N),4.854894638,7.46132803
simultaneous contact,force (N),4.992994785,7.673258305
simultaneous contact,force (N),5.247856617,7.75957489
simultaneous contact,position (mm),98.15679932,88.99495679
simultaneous contact,position (mm),97.46856689,88.93364494
simultaneous contact,position (mm),96.65057373,89.90382429
simultaneous contact,position (mm),95.82116699,90.37592554
simultaneous contact,position (mm),94.75091553,89.41284545
simultaneous contact,position (mm),93.41253662,83.74246742
simultaneous contact,position (mm),92.28924561,83.96561029
simultaneous contact,position (mm),90.99816895,81.72240332
simultaneous contact,position (mm),89.18377686,81.42826779
simultaneous contact,position (mm),87.6272583,81.0463595
simultaneous contact,position (mm),85.92584229,80.74480201
simultaneous contact,position (mm),84.12310791,79.86626774
simultaneous contact,position (mm),82.04229736,71.24549896
simultaneous contact,position (mm),80.02581787,66.87364137
simultaneous contact,position (mm),77.70648193,70.67529875
simultaneous contact,position (mm),75.6572876,67.19197895
simultaneous contact,position (mm),73.80767822,63.18896054
simultaneous contact,position (mm),71.49847412,57.96535228
simultaneous contact,position (mm),69.42297363,50.4262536
simultaneous contact,position (mm),67.29138184,47.83518256
simultaneous contact,position (mm),65.04089355,45.90063235
simultaneous contact,position (mm),62.97167969,40.01969652
simultaneous contact,position (mm),60.86798096,37.63869924
simultaneous contact,position (mm),58.82073975,34.96388911
simultaneous contact,position (mm),56.55273438,25.50831109
simultaneous contact,position (mm),54.47924805,21.66938255
simultaneous contact,position (mm),52.62860107,20.04784547
simultaneous contact,position (mm),50.51397705,18.27335146
simultaneous contact,position (mm),48.45172119,15.89703324
simultaneous contact,position (mm),46.44238281,13.73934016
simultaneous contact,position (mm),44.32800293,10.98611541
simultaneous contact,position (mm),42.28820801,10.18502769
simultaneous contact,position (mm),40.22772217,8.676756183
simultaneous contact,position (mm),38.18615723,7.340803244
simultaneous contact,position (mm),36.0390625,5.223285566
simultaneous contact,position (mm),33.95977783,4.498030921
simultaneous contact,position (mm),31.92565918,4.340394929
simultaneous contact,position (mm),29.68566895,4.376213957
simultaneous contact,position (mm),27.58575439,2.981692066
simultaneous contact,position (mm),25.49871826,2.656900609
simultaneous contact,position (mm),23.24890137,3.323263609
simultaneous contact,position (mm),21.35388184,2.952649611
simultaneous contact,position (mm),19.23425293,2.200934063
simultaneous contact,position (mm),17.29351807,2.780653738
simultaneous contact,position (mm),15.39562988,2.099608163
simultaneous contact,position (mm),13.64459229,1.789821975
simultaneous contact,position (mm),11.9006958,1.752066783
simultaneous contact,position (mm),10.46307373,1.39242438
simultaneous contact,position (mm),9.063812256,1.193483561
simultaneous contact,position (mm),7.611663818,1.78046385
simultaneous contact,position (mm),6.340942383,1.752712171
simultaneous contact,position (mm),5.390075684,1.223010058
simultaneous contact,position (mm),4.219024658,1.466966681
simultaneous contact,position (mm),3.274108887,1.137657509
simultaneous contact,position (mm),2.522094727,1.175574047
simultaneous contact,position (mm),1.781921387,1.310621464
simultaneous contact,position (mm),1.273376465,1.168797475
simultaneous contact,position (mm),0.823699951,1.735932086
simultaneous contact,position (mm),0.512512207,0.790277475
simultaneous contact,position (mm),0.262756348,0.989218293
simultaneous contact,position (mm),0.093322754,0.965661635
simultaneous contact,position (mm),0,1.337405062
simultaneous contact,position (mm),0.0390625,0.735742198
simultaneous contact,position (mm),0.129669189,1.864202929
simultaneous contact,position (mm),0.501831055,3.520590957
simultaneous contact,position (mm),0.901794434,3.261629065
simultaneous contact,position (mm),1.396331787,2.862618
simultaneous contact,position (mm),2.004241943,2.903922825
simultaneous contact,position (mm),2.630371094,2.741930464
simultaneous contact,position (mm),3.504486084,2.593813943
simultaneous contact,position (mm),4.462280273,2.194318837
simultaneous contact,position (mm),5.410583496,2.71337205
simultaneous contact,position (mm),6.475250244,2.030067618
simultaneous contact,position (mm),7.863922119,2.321782946
simultaneous contact,position (mm),9.243591309,2.65044673
simultaneous contact,position (mm),10.68630981,2.613820967
simultaneous contact,position (mm),12.29418945,2.648510567
simultaneous contact,position (mm),13.95880127,3.303417931
simultaneous contact,position (mm),15.71350098,3.878942585
simultaneous contact,position (mm),17.61517334,4.995786334
simultaneous contact,position (mm),19.59100342,5.325095507
simultaneous contact,position (mm),21.70227051,5.740079922
simultaneous contact,position (mm),23.93450928,6.139413681
simultaneous contact,position (mm),25.83239746,6.809649008
simultaneous contact,position (mm),27.97216797,9.248731203
simultaneous contact,position (mm),30.21105957,10.49094155
simultaneous contact,position (mm),32.23693848,13.19785972
simultaneous contact,position (mm),34.1519165,13.17123747
simultaneous contact,position (mm),36.44958496,14.10027334
simultaneous contact,position (mm),38.46636963,16.86979414
simultaneous contact,position (mm),40.81378174,17.49743387
simultaneous contact,position (mm),42.92272949,21.49625725
simultaneous contact,position (mm),45.16369629,24.21204951
simultaneous contact,position (mm),47.21624756,31.27517461
simultaneous contact,position (mm),49.29370117,35.84193934
simultaneous contact,position (mm),51.16900635,37.67661577
simultaneous contact,position (mm),53.05841064,41.16041962
simultaneous contact,position (mm),55.1182251,47.01796014
simultaneous contact,position (mm),57.16888428,49.72858929
simultaneous contact,position (mm),59.21606445,52.46906763
simultaneous contact,position (mm),61.35845947,60.01284537
simultaneous contact,position (mm),63.64489746,62.098255
simultaneous contact,position (mm),65.73254395,68.89951396
simultaneous contact,position (mm),68.00744629,71.29745268
simultaneous contact,position (mm),70.06518555,72.28489616
simultaneous contact,position (mm),71.93341064,78.12565659
simultaneous contact,position (mm),73.97088623,78.79734404
simultaneous contact,position (mm),76.07745361,79.32833693
simultaneous contact,position (mm),78.15344238,80.5290811
simultaneous contact,position (mm),80.05090332,85.45435881
simultaneous contact,position (mm),82.23919678,86.66123417
simultaneous contact,position (mm),84.19006348,88.82844672
simultaneous contact,position (mm),86.01373291,88.55302743
simultaneous contact,position (mm),87.85455322,91.25429846
simultaneous contact,position (mm),89.43786621,90.43626931
simultaneous contact,position (mm),90.89599609,92.84663174
simultaneous contact,position (mm),92.12554932,93.0141099
simultaneous contact,position (mm),93.22479248,92.85292427
simultaneous contact,position (mm),94.50219727,94.31666401
simultaneous contact,position (mm),95.49359131,94.21582216
simultaneous contact,position (mm),96.37237549,96.94048849
simultaneous contact,position (mm),97.33825684,95.4635183
simultaneous contact,position (mm),97.98620605,94.27697266
simultaneous contact,position (mm),98.66796875,93.8882878
simultaneous contact,position (mm),99.02020264,94.56884933
simultaneous contact,position (mm),99.45239258,94.46203764
simultaneous contact,position (mm),99.72052002,95.25860764
simultaneous contact,position (mm),99.93591309,94.92703961
simultaneous contact,position (mm),100.0111084,95.01126273
simultaneous contact,position (mm),100.0116577,94.746331
simultaneous contact,position (mm),99.9597168,96.36932021
simultaneous contact,position (mm),99.70324707,92.47295215
simultaneous contact,position (mm),99.30371094,86.79983122
simultaneous contact,position (mm),98.89367676,87.42472805
simultaneous contact,position (mm),98.26873779,88.79924291
simultaneous contact,position (mm),97.67651367,88.73389739
simultaneous contact,position (mm),96.90393066,90.19198999
simultaneous contact,position (mm),96.01403809,88.57206638
simultaneous contact,position (mm),95.1385498,86.84597646
simultaneous contact,position (mm),93.98272705,87.74080677
simultaneous contact,position (mm),92.77056885,87.19464727
simultaneous contact,position (mm),91.4675293,85.33576879
simultaneous contact,position (mm),90.06829834,84.73071764
simultaneous contact,position (mm),88.36138916,78.56468171
simultaneous contact,position (mm),86.5401001,78.69295255
simultaneous contact,position (mm),84.95202637,80.03439128
simultaneous contact,position (mm),83.12768555,71.74551323
simultaneous contact,position (mm),81.18585205,81.22900428
simultaneous contact,position (mm),79.13262939,79.80850552
simultaneous contact,position (mm),76.5135498,75.27965733
simultaneous contact,position (mm),74.33044434,69.63816041
simultaneous contact,position (mm),72.25146484,62.00773935
simultaneous contact,position (mm),70.1184082,54.63950712
simultaneous contact,position (mm),67.81835938,51.77188736
simultaneous contact,position (mm),65.34082031,48.37117721
simultaneous contact,position (mm),63.44940186,44.34024577
simultaneous contact,position (mm),61.34698486,39.58502777
simultaneous contact,position (mm),59.09710693,37.51155782
simultaneous contact,position (mm),57.01635742,26.717768
simultaneous contact,position (mm),54.92468262,22.22554557
simultaneous contact,position (mm),53.05010986,19.06266085
simultaneous contact,position (mm),51.25732422,15.8110353
simultaneous contact,position (mm),48.92816162,15.33635251
simultaneous contact,position (mm),46.69415283,10.49949294
simultaneous contact,position (mm),44.60778809,10.34863352
simultaneous contact,position (mm),42.30474854,9.127559626
simultaneous contact,position (mm),40.26696777,8.607699678
simultaneous contact,position (mm),38.23583984,5.931276085
simultaneous contact,position (mm),36.10632324,5.196824663
simultaneous contact,position (mm),34.04156494,4.761026488
simultaneous contact,position (mm),31.99353027,4.737147136
simultaneous contact,position (mm),29.89526367,4.170335219
simultaneous contact,position (mm),27.62713623,3.772776276
simultaneous contact,position (mm),25.77288818,3.521720386
simultaneous contact,position (mm),23.71557617,2.645444974
simultaneous contact,position (mm),21.64733887,2.432789663
simultaneous contact,position (mm),19.52264404,2.403585861
simultaneous contact,position (mm),17.55499268,2.880850208
simultaneous contact,position (mm),15.38757324,2.506363883
simultaneous contact,position (mm),13.83972168,2.329688947
simultaneous contact,position (mm),12.31365967,2.301614574
simultaneous contact,position (mm),10.72369385,2.156079604
simultaneous contact,position (mm),9.101898193,1.507626118
simultaneous contact,position (mm),7.767700195,2.015062349
simultaneous contact,position (mm),6.248687744,1.574262418
simultaneous contact,position (mm),6.759490967,1.814346715
simultaneous contact,position (mm),5.558746338,1.730930329
simultaneous contact,position (mm),4.458862305,1.812249204
simultaneous contact,position (mm),3.597167969,1.65574264
simultaneous contact,position (mm),2.704711914,1.786110994
simultaneous contact,position (mm),2.059417725,1.38387299
simultaneous contact,position (mm),1.456939697,1.879692239
simultaneous contact,position (mm),0.919952393,1.288839623
simultaneous contact,position (mm),0.60369873,1.521985999
simultaneous contact,position (mm),0.352172852,1.79433969
simultaneous contact,position (mm),0.123168945,1.663487295
simultaneous contact,position (mm),0.035247803,1.290937133
simultaneous contact,position (mm),0.049926758,1.245114593
simultaneous contact,position (mm),0.087585449,1.672845419
simultaneous contact,position (mm),0.459472656,1.766265317
simultaneous contact,position (mm),0.887298584,1.941649477
simultaneous contact,position (mm),1.363677979,1.682203544
simultaneous contact,position (mm),1.937347412,2.200611369
simultaneous contact,position (mm),2.589385986,1.992151079
simultaneous contact,position (mm),3.459655762,2.178022792
simultaneous contact,position (mm),4.383880615,2.106223389
simultaneous contact,position (mm),5.41583252,1.5432838
simultaneous contact,position (mm),6.505218506,1.561193314
simultaneous contact,position (mm),7.74887085,1.856135581
simultaneous contact,position (mm),9.24041748,1.880983015
simultaneous contact,position (mm),10.70458984,2.224168027
simultaneous contact,position (mm),12.3046875,2.428594642
simultaneous contact,position (mm),13.99920654,2.481677796
simultaneous contact,position (mm),15.76898193,2.90101858
simultaneous contact,position (mm),17.63232422,2.015223696
simultaneous contact,position (mm),19.6595459,3.107220012
simultaneous contact,position (mm),21.70043945,3.135939773
simultaneous contact,position (mm),23.58514404,3.850222824
simultaneous contact,position (mm),25.69085693,4.935281219
simultaneous contact,position (mm),27.73638916,5.156487919
simultaneous contact,position (mm),29.56762695,6.501476289
simultaneous contact,position (mm),31.67810059,8.243539559
simultaneous contact,position (mm),33.80212402,8.825518092
simultaneous contact,position (mm),35.83459473,10.76732892
simultaneous contact,position (mm),37.92797852,11.06081906
simultaneous contact,position (mm),39.96893311,16.96853849
simultaneous contact,position (mm),42.0369873,18.09457901
simultaneous contact,position (mm),44.11901855,20.91895778
simultaneous contact,position (mm),45.99835205,23.69106013
simultaneous contact,position (mm),48.03625488,26.87007954
simultaneous contact,position (mm),50.09753418,29.44792014
simultaneous contact,position (mm),52.17218018,36.30355303
simultaneous contact,position (mm),54.18041992,39.63165705
simultaneous contact,position (mm),56.24737549,39.92369507
simultaneous contact,position (mm),58.38299561,48.01685925
simultaneous contact,position (mm),60.63970947,49.13612321
simultaneous contact,position (mm),62.87982178,52.96730709
simultaneous contact,position (mm),65.09942627,58.17284449
simultaneous contact,position (mm),67.40093994,63.39209638
simultaneous contact,position (mm),69.18579102,65.62352502
simultaneous contact,position (mm),71.2432251,67.1464791
simultaneous contact,position (mm),73.54638672,70.25047217
simultaneous contact,position (mm),75.62243652,69.6972134
simultaneous contact,position (mm),77.71893311,72.54998923
simultaneous contact,position (mm),80.00683594,74.33868178
simultaneous contact,position (mm),82.06195068,75.41325262
simultaneous contact,position (mm),84.15777588,79.66877904
simultaneous contact,position (mm),85.97167969,79.0101607
simultaneous contact,position (mm),87.50067139,82.59722661
simultaneous contact,position (mm),89.13275146,83.06755304
simultaneous contact,position (mm),90.56951904,83.6053225
simultaneous contact,position (mm),92.09747314,85.40337317
simultaneous contact,position (mm),93.2487793,88.17337801
simultaneous contact,position (mm),94.52893066,88.48606844
simultaneous contact,position (mm),95.51696777,89.93480291
simultaneous contact,position (mm),96.4586792,92.68399399
simultaneous contact,position (mm),97.33868408,93.24177048
simultaneous contact,position (mm),98.00500488,92.2196374
simultaneous contact,position (mm),98.61865234,94.37313545
simultaneous contact,position (mm),99.11474609,94.66275327
simultaneous contact,position (mm),99.45715332,96.31317146
simultaneous contact,position (mm),99.79693604,96.96743344
simultaneous contact,position (mm),99.8927002,96.5269562
simultaneous contact,position (mm),100.00354,96.6097272
simultaneous contact,position (mm),99.98919678,96.81108822
simultaneous contact,position (mm),99.89916992,81.82727885
simultaneous contact,position (mm),99.61480713,80.55893029
simultaneous contact,position (mm),99.15539551,75.58976621
simultaneous contact,position (mm),98.671875,80.85806758
simultaneous contact,position (mm),98.07275391,79.02113229
simultaneous contact,position (mm),97.34954834,78.03401151
simultaneous contact,position (mm),96.51397705,78.13695088
simultaneous contact,position (mm),95.46130371,79.49710586
simultaneous contact,position (mm),94.39080811,77.925425
simultaneous contact,position (mm),93.40625,76.52073825
simultaneous contact,position (mm),92.1116333,73.75154014
simultaneous contact,position (mm),90.74902344,64.08024122
simultaneous contact,position (mm),89.08459473,65.13851602
simultaneous contact,position (mm),87.29229736,64.13138821
simultaneous contact,position (mm),85.57659912,62.44966871
simultaneous contact,position (mm),83.73248291,81.66044608
simultaneous contact,position (mm),81.64581299,72.97788141
simultaneous contact,position (mm),79.59484863,79.6177934
simultaneous contact,position (mm),77.4776001,74.84757013
simultaneous contact,position (mm),75.37042236,72.28586424
simultaneous contact,position (mm),73.35418701,70.35857464
simultaneous contact,position (mm),71.2175293,60.88831405
simultaneous contact,position (mm),68.94927979,56.00224365
simultaneous contact,position (mm),66.86260986,56.57405733
simultaneous contact,position (mm),64.76324463,55.4002581
simultaneous contact,position (mm),62.89172363,50.23554148
simultaneous contact,position (mm),60.59179688,42.57236698
simultaneous contact,position (mm),58.52209473,34.98922059
simultaneous contact,position (mm),56.41052246,28.19038183
simultaneous contact,position (mm),54.35943604,23.43871346
simultaneous contact,position (mm),52.28363037,21.2563343
simultaneous contact,position (mm),50.20385742,19.80017787
simultaneous contact,position (mm),48.12744141,18.11055236
simultaneous contact,position (mm),45.88800049,15.36797651
simultaneous contact,position (mm),43.76928711,14.17788124
simultaneous contact,position (mm),41.8883667,11.61746612
simultaneous contact,position (mm),39.62445068,10.24004701
simultaneous contact,position (mm),37.07373047,7.935205493
simultaneous contact,position (mm),35.00646973,6.362072504
simultaneous contact,position (mm),32.73895264,5.776867032
simultaneous contact,position (mm),30.85760498,4.468827119
simultaneous contact,position (mm),28.80426025,3.714691366
simultaneous contact,position (mm),26.9720459,4.267143403
simultaneous contact,position (mm),24.71380615,4.306512064
simultaneous contact,position (mm),22.60491943,3.805852406
simultaneous contact,position (mm),20.38092041,2.712565315
simultaneous contact,position (mm),18.31890869,2.667065469
simultaneous contact,position (mm),16.3380127,1.954395887
simultaneous contact,position (mm),14.51879883,2.058626032
simultaneous contact,position (mm),13.00109863,1.838710108
simultaneous contact,position (mm),11.37402344,1.754325641
simultaneous contact,position (mm),9.70135498,2.009899246
simultaneous contact,position (mm),8.352966309,1.557805027
simultaneous contact,position (mm),7.041656494,1.93293674
simultaneous contact,position (mm),5.775421143,1.615728591
simultaneous contact,position (mm),4.564239502,1.676072359
simultaneous contact,position (mm),3.681274414,2.142849152
simultaneous contact,position (mm),2.810272217,1.419369324
simultaneous contact,position (mm),2.109436035,1.287226153
simultaneous contact,position (mm),1.432739258,1.831449494
simultaneous contact,position (mm),0.943389893,1.679783339
simultaneous contact,position (mm),0.540527344,1.210909035
simultaneous contact,position (mm),0.229736328,1.334339469
simultaneous contact,position (mm),0.075073242,1.198323971
simultaneous contact,position (mm),0.035430908,1.444700799
simultaneous contact,position (mm),0.034851074,1.339663919
simultaneous contact,position (mm),0.184020996,1.262701413
simultaneous contact,position (mm),0.556427002,2.951036142
simultaneous contact,position (mm),0.991912842,2.297258206
simultaneous contact,position (mm),1.539428711,1.78046385
simultaneous contact,position (mm),2.17666626,1.898892529
simultaneous contact,position (mm),2.770996094,2.070727055
simultaneous contact,position (mm),3.67678833,1.295938889
simultaneous contact,position (mm),4.633209229,1.387422623
simultaneous contact,position (mm),5.821014404,1.457931251
simultaneous contact,position (mm),6.949920654,1.654451864
simultaneous contact,position (mm),8.375976563,1.740288454
simultaneous contact,position (mm),9.769287109,2.296290124
simultaneous contact,position (mm),11.32006836,2.139622213
simultaneous contact,position (mm),12.95654297,2.064273176
simultaneous contact,position (mm),14.61029053,4.208897145
simultaneous contact,position (mm),16.62896729,3.2517869
simultaneous contact,position (mm),18.57940674,4.130643863
simultaneous contact,position (mm),20.42382813,4.359595218
simultaneous contact,position (mm),22.47113037,4.094824835
simultaneous contact,position (mm),25.02685547,5.897393221
simultaneous contact,position (mm),27.24090576,6.971318675
simultaneous contact,position (mm),29.31756592,8.710316353
simultaneous contact,position (mm),31.19689941,10.27360718
simultaneous contact,position (mm),33.31341553,10.77329875
simultaneous contact,position (mm),35.50531006,16.06128446
simultaneous contact,position (mm),37.65789795,15.61870971
simultaneous contact,position (mm),39.68756104,19.58187541
simultaneous contact,position (mm),41.54077148,21.80475266
simultaneous contact,position (mm),43.60015869,26.08722403
simultaneous contact,position (mm),45.68798828,31.7498574
simultaneous contact,position (mm),47.76092529,33.00045779
simultaneous contact,position (mm),50.08624268,33.58227498
simultaneous contact,position (mm),52.37060547,38.18614952
simultaneous contact,position (mm),54.42303467,42.16690204
simultaneous contact,position (mm),56.44299316,51.93646127
simultaneous contact,position (mm),58.58337402,56.03661056
simultaneous contact,position (mm),60.62463379,57.77706036
simultaneous contact,position (mm),62.46746826,61.89431242
simultaneous contact,position (mm),64.78369141,65.07204106
simultaneous contact,position (mm),66.83764648,69.06941233
simultaneous contact,position (mm),69.07250977,71.65999933
simultaneous contact,position (mm),71.12469482,79.97566099
simultaneous contact,position (mm),73.64099121,81.02715921
simultaneous contact,position (mm),75.7074585,80.13603988
simultaneous contact,position (mm),78.01727295,83.2319656
simultaneous contact,position (mm),80.24517822,84.0288583
simultaneous contact,position (mm),82.25610352,86.34192851
simultaneous contact,position (mm),83.98809814,89.26714914
simultaneous contact,position (mm),85.96289063,89.37073389
simultaneous contact,position (mm),87.62811279,91.20411955
simultaneous contact,position (mm),89.25817871,91.9905247
simultaneous contact,position (mm),90.68280029,93.11317694
simultaneous contact,position (mm),92.09686279,93.19352773
simultaneous contact,position (mm),93.30151367,95.22407939
simultaneous contact,position (mm),94.46820068,96.6787837
simultaneous contact,position (mm),95.45684814,97.00631806
simultaneous contact,position (mm),96.43261719,99.52865529
simultaneous contact,position (mm),97.28814697,98.73918455
simultaneous contact,position (mm),97.93847656,99.17127175
simultaneous contact,position (mm),98.5904541,99.47121577
simultaneous contact,position (mm),99.01831055,99.92621423
simultaneous contact,position (mm),99.4083252,98.88617164
simultaneous contact,position (mm),99.7154541,100
simultaneous contact,position (mm),99.89849854,99.52688048
simultaneous contact,position (mm),100.013855,98.90601732
simultaneous contact,position (mm),100.0267334,99.29034581
simultaneous contact,position (mm),99.97338867,83.18065726
simultaneous contact,position (mm),99.68041992,90.15504153
simultaneous contact,position (mm),99.20263672,68.98938423
simultaneous contact,position (mm),98.63293457,72.09741097
simultaneous contact,position (mm),98.13427734,75.26416802
simultaneous contact,position (mm),97.28137207,76.24144664
simultaneous contact,position (mm),96.52972412,76.92378299
simultaneous contact,position (mm),95.48468018,64.26675832
simultaneous contact,position (mm),94.45874023,70.04233458
simultaneous contact,position (mm),93.35821533,74.65621262
simultaneous contact,position (mm),92.07727051,72.20341594
simultaneous contact,position (mm),90.7277832,70.3659966
simultaneous contact,position (mm),89.06219482,68.33738111
simultaneous contact,position (mm),87.29888916,57.84595552
simultaneous contact,position (mm),85.65130615,56.80607427
simultaneous contact,position (mm),83.99957275,92.67560395
simultaneous contact,position (mm),82.10015869,90.54017676
simultaneous contact,position (mm),80.34417725,93.8855449
simultaneous contact,position (mm),78.25750732,92.72562151
simultaneous contact,position (mm),76.19580078,90.88239369
simultaneous contact,position (mm),73.92132568,89.47125306
simultaneous contact,position (mm),71.82507324,83.11240749
simultaneous contact,position (mm),69.54290771,80.82805705
simultaneous contact,position (mm),67.43518066,80.590877
simultaneous contact,position (mm),65.12182617,79.35157089
simultaneous contact,position (mm),63.03302002,75.89003293
simultaneous contact,position (mm),60.75640869,70.23143323
simultaneous contact,position (mm),58.6930542,66.86912365
simultaneous contact,position (mm),56.44586182,63.30077399
simultaneous contact,position (mm),54.35351563,59.76033736
simultaneous contact,position (mm),52.47314453,58.33483685
simultaneous contact,position (mm),50.17150879,56.13115989
simultaneous contact,position (mm),48.07537842,53.34679517
simultaneous contact,position (mm),45.84820557,50.16842114
simultaneous contact,position (mm),43.97406006,47.12557857
simultaneous contact,position (mm),41.89630127,45.47306287
simultaneous contact,position (mm),39.84564209,41.07732593
simultaneous contact,position (mm),37.55047607,34.57826985
simultaneous contact,position (mm),35.46899414,28.85706752
simultaneous contact,position (mm),33.36468506,27.46302967
simultaneous contact,position (mm),31.27990723,24.17090603
simultaneous contact,position (mm),29.26544189,22.48515285
simultaneous contact,position (mm),27.16638184,20.12061296
simultaneous contact,position (mm),25.10015869,19.29048278
simultaneous contact,position (mm),23.04046631,17.73574335
simultaneous contact,position (mm),20.79559326,14.70726066
simultaneous contact,position (mm),18.71722412,13.59122364
simultaneous contact,position (mm),16.96563721,12.12345023
simultaneous contact,position (mm),15.10784912,10.79927562
simultaneous contact,position (mm),13.40008545,10.68439657
simultaneous contact,position (mm),11.60482788,9.803926138
simultaneous contact,position (mm),10.052948,9.138369873
simultaneous contact,position (mm),8.591674805,9.002354375
simultaneous contact,position (mm),7.177307129,8.312434717
simultaneous contact,position (mm),6.032012939,8.133823618
simultaneous contact,position (mm),5.034240723,8.001196406
simultaneous contact,position (mm),4.00390625,7.100234907
simultaneous contact,position (mm),3.036651611,7.330154344
simultaneous contact,position (mm),2.326324463,6.7354294
simultaneous contact,position (mm),1.612579346,6.07229334
simultaneous contact,position (mm),1.094787598,6.701546536
simultaneous contact,position (mm),0.659484863,6.303342206
simultaneous contact,position (mm),0.303771973,6.429838233
simultaneous contact,position (mm),0.093017578,5.881742564
simultaneous contact,position (mm),0.032287598,6.224604883
simultaneous contact,position (mm),0.041870117,5.968547236
simultaneous contact,position (mm),0.118164063,6.531648173
simultaneous contact,position (mm),0.430206299,2.473771795
simultaneous contact,position (mm),0.88861084,1.553287312
simultaneous contact,position (mm),1.360687256,1.639285249
simultaneous contact,position (mm),2.005889893,1.222041976
simultaneous contact,position (mm),2.657440186,1.629765777
simultaneous contact,position (mm),3.544067383,1.730768983
simultaneous contact,position (mm),4.500701904,1.245114593
simultaneous contact,position (mm),5.522583008,1.437278838
simultaneous contact,position (mm),6.79776001,1.205423237
simultaneous contact,position (mm),8.068481445,1.204293809
simultaneous contact,position (mm),9.598175049,1.470677662
simultaneous contact,position (mm),11.35812378,1.211070382
simultaneous contact,position (mm),12.92175293,1.603466221
simultaneous contact,position (mm),14.82525635,5.051289693
simultaneous contact,position (mm),16.88800049,10.4938458
simultaneous contact,position (mm),18.85095215,12.32723145
simultaneous contact,position (mm),20.95513916,13.85389651
simultaneous contact,position (mm),23.19500732,15.02366207
simultaneous contact,position (mm),25.14154053,19.47909739
simultaneous contact,position (mm),27.41027832,20.0544607
simultaneous contact,position (mm),29.43798828,22.12002465
simultaneous contact,position (mm),31.40789795,26.17870776
simultaneous contact,position (mm),33.51257324,29.28334622
simultaneous contact,position (mm),35.27905273,30.73659841
simultaneous contact,position (mm),37.40679932,33.93175252
simultaneous contact,position (mm),39.51647949,34.96130756
simultaneous contact,position (mm),41.54290771,38.18905376
simultaneous contact,position (mm),43.58306885,41.05473735
simultaneous contact,position (mm),45.89471436,49.84669528
simultaneous contact,position (mm),47.94866943,54.81134164
simultaneous contact,position (mm),50.24786377,59.46152276
simultaneous contact,position (mm),52.33410645,62.57648743
simultaneous contact,position (mm),54.38995361,63.19944809
simultaneous contact,position (mm),56.66943359,63.33965861
simultaneous contact,position (mm),58.98461914,68.68863347
simultaneous contact,position (mm),61.47241211,70.96895024
